{"stats":{"minecraft:killed":{"minecraft:spider":1,"the_bumblezone:honey_slime":2,"minecraft:skeleton":20,"minecraft:chicken":9,"creeperoverhaul:cave_creeper":1,"minecraft:pig":4,"alexsmobs:seal":1,"minecraft:creeper":14,"minecraft:sheep":9,"minecraft:trader_llama":2,"minecraft:pillager":1,"minecraft:zombie":26,"minecraft:cow":9,"alexsmobs:raccoon":6,"alexsmobs:seagull":3,"minecraft:phantom":12,"minecraft:horse":2,"the_knocker:knockerstalk":1,"alexsmobs:skunk":1,"minecraft:rabbit":8,"minecraft:squid":1,"alexsmobs:crow":4},"minecraft:mined":{"minecraft:dark_oak_planks":2,"minecraft:spruce_planks":2,"minecraft:white_bed":10,"regions_unexplored:maple_planks":1,"minecraft:pink_bed":2,"regions_unexplored:maple_log":1,"minecraft:cobblestone_stairs":1,"regions_unexplored:magnolia_log":3,"minecraft:obsidian":1,"minecraft:brewing_stand":2,"minecraft:carved_pumpkin":1,"the_bumblezone:beehive_beeswax":5,"minecraft:granite":84,"minecraft:grass_block":188,"regions_unexplored:elephant_ear":1,"supplementaries:blaze_rod":3,"the_bumblezone:sticky_honey_residue":1,"minecraft:gilded_blackstone":4,"minecraft:iron_ore":67,"minecraft:cobbled_deepslate":2,"minecraft:barrel":1,"regions_unexplored:redwood_planks":59,"minecraft:pumpkin":10,"regions_unexplored:maple_sapling":2,"minecraft:fletching_table":1,"minecraft:deepslate_lapis_ore":4,"minecraft:red_tulip":1,"minecraft:oak_stairs":2,"minecraft:spruce_pressure_plate":1,"minecraft:pink_tulip":3,"regions_unexplored:silt_grass_block":4,"minecraft:deepslate_redstone_ore":3,"minecraft:red_bed":5,"minecraft:smoker":1,"minecraft:amethyst_cluster":1,"regions_unexplored:redwood_trapdoor":4,"regions_unexplored:stripped_redwood_log":19,"minecraft:torch":18,"regions_unexplored:peat_grass_block":3,"minecraft:cobblestone":21,"minecraft:honeycomb_block":21,"minecraft:sugar_cane":137,"minecraft:oak_planks":10,"minecraft:wall_torch":29,"regions_unexplored:pine_log":1,"minecraft:deepslate_copper_ore":11,"minecraft:birch_sapling":1,"minecraft:acacia_sapling":1,"minecraft:mud":10,"minecraft:wheat":18,"minecraft:jukebox":1,"regions_unexplored:mauve_planks":6,"minecraft:orange_tulip":2,"minecraft:stone_brick_stairs":1,"minecraft:yellow_stained_glass_pane":2,"regions_unexplored:pine_sapling":1,"minecraft:grass":13,"regions_unexplored:oak_shrub":7,"minecraft:oak_log":6,"minecraft:beetroots":2,"minecraft:dark_oak_sapling":7,"minecraft:sand":11,"minecraft:dirt":101,"minecraft:oak_leaves":4,"minecraft:deepslate":277,"minecraft:attached_pumpkin_stem":1,"regions_unexplored:spruce_shrub":1,"alexscaves:spelunkery_table":2,"minecraft:tuff":39,"regions_unexplored:willow_leaves":1,"minecraft:deepslate_diamond_ore":1,"regions_unexplored:barley":2,"farmersdelight:wild_carrots":2,"toughasnails:rain_collector":3,"minecraft:dark_oak_log":10,"minecraft:ladder":6,"gravestone:gravestone":3,"the_bumblezone:carvable_wax":12,"regions_unexplored:pine_planks":4,"regions_unexplored:magnolia_slab":62,"minecraft:cartography_table":4,"minecraft:hay_block":65,"minecraft:furnace":7,"minecraft:carrots":16,"minecraft:andesite":6,"minecraft:stripped_spruce_log":2,"treechop:chopped_log":25,"minecraft:bookshelf":20,"minecraft:potatoes":3,"minecraft:deepslate_iron_ore":31,"regions_unexplored:redwood_door":1,"the_bumblezone:honey_crystal":4,"regions_unexplored:medium_grass":21,"minecraft:bamboo":1,"regions_unexplored:windswept_grass":21,"irons_spellbooks:inscription_table":1,"minecraft:white_tulip":5,"minecraft:stone":353,"regions_unexplored:redwood_log":67,"ad_astra:sky_stone":1,"minecraft:redstone_wall_torch":1,"minecraft:podzol":4,"supplementaries:book_pile_horizontal":1,"minecraft:oak_slab":3,"minecraft:acacia_leaves":29,"minecraft:glass_pane":1,"minecraft:dandelion":3,"minecraft:spruce_door":1,"minecraft:crafting_table":11,"regions_unexplored:silt_dirt":1,"minecraft:lectern":35,"minecraft:campfire":1,"woodworks:oak_chest":2,"minecraft:tall_grass":6,"minecraft:copper_ore":45,"farmersdelight:wild_tomatoes":2,"minecraft:deepslate_gold_ore":5,"minecraft:blue_bed":2,"supplementaries:urn":5,"minecraft:spruce_stairs":1,"minecraft:purple_bed":2,"minecraft:coarse_dirt":30,"minecraft:beehive":1,"minecraft:redstone_torch":4,"minecraft:sweet_berry_bush":2,"minecraft:gray_bed":6,"minecraft:spruce_log":6,"regions_unexplored:redwood_leaves":4,"minecraft:yellow_bed":1,"minecraft:coal_ore":46,"minecraft:gravel":20,"minecraft:cobweb":6,"minecraft:cracked_stone_bricks":1,"minecraft:stone_bricks":3,"minecraft:gold_ore":1,"regions_unexplored:magnolia_planks":50,"minecraft:fern":4},"minecraft:picked_up":{"irons_spellbooks:scroll":1,"minecraft:iron_chestplate":3,"minecraft:wheat":70,"the_bumblezone:honey_crystal_shards":5,"regions_unexplored:magnolia_log":41,"minecraft:lead":2,"regions_unexplored:silt_dirt":3,"alexscaves:cave_tablet":9,"minecraft:oak_stairs":2,"minecraft:enchanted_book":1,"minecraft:potion":3,"minecraft:gilded_blackstone":4,"regions_unexplored:maple_planks":1,"minecraft:brewing_stand":3,"minecraft:string":16,"minecraft:raw_copper":238,"minecraft:iron_leggings":3,"woodworks:oak_chest":2,"irons_spellbooks:arcane_essence":102,"regions_unexplored:pine_log":80,"minecraft:gold_nugget":12,"minecraft:cobbled_deepslate":288,"bosses_of_mass_destruction:soul_star":1,"minecraft:bucket":2,"minecraft:spruce_planks":2,"toughasnails:leaf_boots":2,"minecraft:white_tulip":6,"minecraft:redstone_torch":5,"minecraft:iron_pickaxe":2,"alexsmobs:raccoon_tail":2,"irons_spellbooks:inscription_table":3,"regions_unexplored:redwood_log":318,"minecraft:iron_boots":2,"minecraft:furnace":11,"minecraft:golden_helmet":2,"minecraft:spruce_pressure_plate":2,"minecraft:stick":91,"minecraft:jukebox":2,"regions_unexplored:elephant_ear":3,"minecraft:torch":94,"minecraft:acacia_log":6,"minecraft:spruce_stairs":1,"minecraft:porkchop":8,"minecraft:honeycomb_block":34,"minecraft:rabbit_foot":2,"regions_unexplored:barley":2,"minecraft:rotten_flesh":52,"minecraft:honey_bottle":1,"labels:label":3,"regions_unexplored:mauve_log":13,"regions_unexplored:blue_magnolia_sapling":22,"minecraft:red_tulip":1,"minecraft:carved_pumpkin":1,"supplementaries:ash":42,"minecraft:blaze_rod":8,"minecraft:obsidian":6,"minecraft:blaze_powder":4,"minecraft:cobblestone":407,"minecraft:feather":12,"minecraft:cooked_beef":49,"minecraft:andesite":6,"minecraft:acacia_leaves":34,"minecraft:smoker":1,"minecraft:potato":72,"alexscaves:cave_book":1,"minecraft:flint":5,"minecraft:tuff":78,"regions_unexplored:redwood_door":5,"minecraft:dirt":350,"minecraft:lapis_lazuli":29,"farmersdelight:tomato":14,"regions_unexplored:stripped_redwood_log":18,"the_bumblezone:carvable_wax_wavy":1,"minecraft:bone":32,"minecraft:wheat_seeds":56,"minecraft:bow":2,"minecraft:orange_tulip":2,"regions_unexplored:magnolia_planks":63,"minecraft:raw_gold":8,"minecraft:fletching_table":1,"minecraft:rabbit":8,"minecraft:bamboo":9,"minecraft:oak_planks":15,"the_bumblezone:carvable_wax":12,"minecraft:cooked_porkchop":5,"regions_unexplored:pine_sapling":11,"regions_unexplored:redwood_trapdoor":4,"regions_unexplored:pine_planks":37,"minecraft:sand":11,"minecraft:stripped_spruce_log":2,"minecraft:ink_sac":3,"minecraft:dark_oak_log":223,"minecraft:fermented_spider_eye":3,"farmersdelight:cooked_mutton_chops":6,"minecraft:spectral_arrow":9,"minecraft:barrel":1,"alexsmobs:animal_dictionary":2,"regions_unexplored:mauve_planks":6,"minecraft:sugar":1,"minecraft:diamond":11,"minecraft:granite":98,"regions_unexplored:willow_log":11,"minecraft:bread":77,"minecraft:emerald":128,"alexsmobs:maggot":1,"minecraft:oak_sapling":25,"irons_spellbooks:uncommon_ink":3,"minecraft:mud":7,"minecraft:crafting_table":13,"minecraft:bee_nest":2,"minecraft:charcoal":3,"minecraft:coarse_dirt":43,"minecraft:chicken":8,"minecraft:ladder":6,"minecraft:nether_wart":1,"minecraft:wooden_pickaxe":1,"gravestone:obituary":1,"ad_astra:sky_stone":1,"minecraft:shield":2,"aether:leather_gloves":1,"minecraft:red_bed":4,"minecraft:iron_axe":2,"regions_unexplored:spruce_shrub":2,"minecraft:iron_shovel":1,"minecraft:blackstone":2,"minecraft:cartography_table":4,"minecraft:beef":18,"irons_spellbooks:epic_ink":2,"minecraft:lectern":36,"minecraft:light_gray_wool":1,"farmersdelight:golden_knife":2,"regions_unexplored:redwood_planks":95,"minecraft:sugar_cane":273,"minecraft:birch_sapling":1,"minecraft:egg":5,"toughasnails:rain_collector":6,"minecraft:dark_oak_sapling":45,"minecraft:raw_iron":105,"minecraft:stone":1,"regions_unexplored:redwood_boat":1,"farmersdelight:tomato_seeds":3,"minecraft:carrot":54,"minecraft:redstone":15,"minecraft:dark_oak_planks":1,"toughasnails:empty_canteen":1,"minecraft:arrow":36,"regions_unexplored:mauve_sapling":3,"regions_unexplored:maple_sapling":2,"minecraft:shears":1,"alexscaves:spelunkery_table":3,"minecraft:hay_block":65,"minecraft:pink_tulip":3,"minecraft:gold_ingot":32,"minecraft:mutton":15,"minecraft:white_wool":9,"regions_unexplored:peat_dirt":3,"minecraft:glow_ink_sac":5,"minecraft:leather":19,"alexsmobs:acacia_blossom":2,"minecraft:oak_log":50,"minecraft:yellow_bed":1,"minecraft:gunpowder":51,"minecraft:cobblestone_stairs":1,"minecraft:blue_bed":2,"minecraft:paper":15,"minecraft:white_banner":1,"regions_unexplored:small_oak_sapling":5,"irons_spellbooks:common_ink":2,"minecraft:apple":38,"minecraft:stone_bricks":3,"regions_unexplored:magnolia_slab":55,"minecraft:iron_ingot":17,"regions_unexplored:redwood_sapling":14,"minecraft:rabbit_hide":3,"minecraft:stone_pickaxe":1,"minecraft:glass_bottle":6,"minecraft:gray_bed":6,"minecraft:iron_sword":3,"minecraft:acacia_sapling":3,"minecraft:book":192,"toughasnails:leaf_chestplate":1,"minecraft:pink_bed":2,"minecraft:oak_slab":3,"the_bumblezone:beehive_beeswax":6,"minecraft:pumpkin":10,"minecraft:sweet_berries":2,"regions_unexplored:willow_sapling":6,"minecraft:dandelion":3,"regions_unexplored:oak_shrub":7,"minecraft:gravel":18,"minecraft:amethyst_shard":12,"minecraft:spruce_sapling":14,"minecraft:white_bed":10,"minecraft:spruce_log":99,"minecraft:spruce_door":2,"minecraft:pumpkin_seeds":10,"minecraft:purple_bed":2,"minecraft:iron_helmet":2,"regions_unexplored:maple_log":32,"minecraft:coal":55,"minecraft:wooden_axe":1,"regions_unexplored:small_oak_log":13,"toughasnails:leaf_leggings":2},"minecraft:used":{"minecraft:iron_shovel":167,"minecraft:ladder":17,"minecraft:iron_sword":234,"farmersdelight:mutton_chops":1,"regions_unexplored:mauve_log":1,"minecraft:rotten_flesh":1,"minecraft:mutton":1,"labels:label":22,"minecraft:carrot":6,"minecraft:acacia_sapling":1,"minecraft:honey_bottle":2,"woodworks:acacia_bookshelf":4,"minecraft:stripped_spruce_log":2,"minecraft:glass":4,"regions_unexplored:barley":2,"minecraft:lava_bucket":1,"farmersdelight:tomato":1,"minecraft:birch_sapling":1,"regions_unexplored:redwood_boat":2,"regions_unexplored:maple_sapling":2,"minecraft:iron_helmet":2,"mysticaloaktree:wise_oak":1,"minecraft:honeycomb_block":1,"minecraft:bow":57,"minecraft:sweet_berries":11,"minecraft:hay_block":7,"regions_unexplored:redwood_slab":10,"supplementaries:ash":1,"minecraft:furnace":6,"minecraft:gray_bed":6,"minecraft:potato":4,"minecraft:dark_oak_sapling":45,"minecraft:spruce_door":2,"the_bumblezone:carvable_wax_wavy":1,"minecraft:stone_pickaxe":132,"minecraft:oak_planks":144,"minecraft:orange_tulip":1,"minecraft:wooden_pickaxe":13,"minecraft:sugar_cane":74,"minecraft:blue_bed":1,"toughasnails:water_canteen":260,"minecraft:oak_leaves":2,"regions_unexplored:redwood_planks":336,"alexscaves:cave_book":3,"regions_unexplored:redwood_door":3,"regions_unexplored:mauve_planks":7,"minecraft:shears":31,"minecraft:pumpkin_seeds":4,"regions_unexplored:pine_sapling":3,"minecraft:redstone_torch":6,"regions_unexplored:redwood_log":55,"minecraft:dark_oak_log":2,"regions_unexplored:magnolia_slab":108,"minecraft:bread":123,"minecraft:lectern":37,"minecraft:gravel":3,"minecraft:wooden_sword":2,"the_bumblezone:sticky_honey_residue":1,"minecraft:poisonous_potato":1,"minecraft:cooked_rabbit":1,"minecraft:andesite":6,"minecraft:oak_boat":1,"minecraft:air":43,"minecraft:coarse_dirt":16,"minecraft:bone_meal":29,"minecraft:cobweb":6,"the_bumblezone:sugar_water_bucket":2,"minecraft:acacia_log":2,"minecraft:white_tulip":5,"toughasnails:water_purifier":1,"minecraft:armor_stand":1,"everycomp:abnww/regions_unexplored/redwood_chest":2,"woodworks:oak_chest":2,"minecraft:spruce_planks":36,"minecraft:cooked_chicken":1,"regions_unexplored:maple_planks":1,"minecraft:torch":87,"minecraft:brewing_stand":1,"minecraft:dirt":284,"toughasnails:empty_canteen":18,"minecraft:spruce_stairs":1,"regions_unexplored:magnolia_log":2,"minecraft:granite":94,"minecraft:bee_nest":2,"regions_unexplored:pine_log":2,"minecraft:iron_hoe":51,"minecraft:wooden_axe":36,"minecraft:dark_oak_planks":1,"minecraft:iron_axe":765,"regions_unexplored:elephant_ear":2,"minecraft:iron_boots":1,"minecraft:barrel":5,"alexscaves:spelunkery_table":2,"minecraft:beef":1,"minecraft:blaze_rod":2,"farmersdelight:tomato_seeds":17,"minecraft:cooked_beef":5,"minecraft:acacia_planks":1,"minecraft:cobbled_deepslate":118,"minecraft:pumpkin":2,"farmersdelight:fried_egg":1,"minecraft:iron_leggings":1,"minecraft:wheat_seeds":21,"minecraft:water_bucket":31,"regions_unexplored:maple_slab":1,"minecraft:pink_tulip":3,"the_bumblezone:honey_crystal_shards":1,"minecraft:rabbit":1,"minecraft:glass_bottle":124,"minecraft:baked_potato":1,"minecraft:cartography_table":5,"regions_unexplored:peat_dirt":2,"regions_unexplored:stripped_redwood_log":1,"minecraft:fletching_table":2,"farmersdelight:onion":3,"toughasnails:rain_collector":7,"regions_unexplored:blue_magnolia_sapling":1,"minecraft:crafting_table":19,"minecraft:oak_slab":1,"minecraft:red_bed":4,"minecraft:campfire":1,"minecraft:white_bed":12,"regions_unexplored:magnolia_planks":63,"minecraft:apple":1,"minecraft:book":4,"minecraft:smoker":2,"minecraft:spruce_log":4,"minecraft:oak_log":3,"farmersdelight:minced_beef":1,"minecraft:mud":4,"minecraft:wooden_hoe":8,"minecraft:diamond_pickaxe":268,"minecraft:piston":1,"the_bumblezone:sugar_water_bottle":10,"minecraft:chicken":1,"minecraft:iron_pickaxe":694,"minecraft:map":3,"minecraft:spruce_pressure_plate":2,"minecraft:spruce_sapling":4,"minecraft:stone_axe":32,"regions_unexplored:redwood_trapdoor":12,"minecraft:pink_bed":2,"minecraft:cobblestone":55,"minecraft:potion":120,"minecraft:purple_bed":2,"minecraft:porkchop":1,"toughasnails:purified_water_bottle":2,"minecraft:white_banner":1,"minecraft:cooked_porkchop":1,"toughasnails:purified_water_canteen":3,"minecraft:bucket":35,"minecraft:yellow_bed":1,"alexsmobs:animal_dictionary":1,"regions_unexplored:maple_log":1,"regions_unexplored:silt_dirt":3,"regions_unexplored:pine_planks":27,"irons_spellbooks:inscription_table":2},"minecraft:dropped":{"minecraft:iron_sword":1,"minecraft:cooked_beef":14,"minecraft:glass_bottle":7,"minecraft:crafting_table":4,"minecraft:honeycomb":8,"map_atlases:atlas":1,"irons_spellbooks:tarnished_helmet":2,"minecraft:emerald":12,"minecraft:flint":3,"minecraft:cobblestone_stairs":1,"regions_unexplored:maple_planks":88,"minecraft:dirt":21,"minecraft:mutton":1,"irons_spellbooks:arcane_essence":24,"gravestone:obituary":4,"minecraft:fermented_spider_eye":6,"minecraft:gold_ingot":9,"minecraft:gravel":6,"minecraft:blackstone":2,"minecraft:wheat":37,"minecraft:rotten_flesh":16,"minecraft:oak_planks":9,"regions_unexplored:maple_slab":71,"minecraft:blaze_powder":2,"minecraft:carrot":1,"regions_unexplored:magnolia_slab":17,"regions_unexplored:peat_dirt":1,"supplementaries:ash":16,"minecraft:gunpowder":2,"minecraft:charcoal":1,"ad_astra:moon_sand":2,"minecraft:arrow":5,"minecraft:beef":6,"farmersdelight:tomato_seeds":3,"minecraft:iron_ingot":6,"minecraft:oak_slab":2,"minecraft:wheat_seeds":6,"minecraft:golden_helmet":3,"toughasnails:rain_collector":1,"minecraft:poisonous_potato":2,"minecraft:cobblestone":3,"minecraft:book":52,"minecraft:apple":16,"minecraft:coal":20,"minecraft:stick":4,"irons_spellbooks:scroll":4,"minecraft:torch":40,"minecraft:wooden_axe":2,"toughasnails:leaf_boots":3,"minecraft:potion":1,"minecraft:iron_leggings":1,"minecraft:oak_stairs":2,"toughasnails:leaf_helmet":1,"minecraft:pumpkin":7,"minecraft:iron_axe":1,"toughasnails:leaf_leggings":3,"minecraft:furnace":1,"regions_unexplored:pine_log":3,"regions_unexplored:pine_planks":3,"toughasnails:leaf_chestplate":2,"regions_unexplored:blue_magnolia_sapling":6,"minecraft:coarse_dirt":10,"minecraft:stone_sword":1,"minecraft:blaze_rod":9,"minecraft:tuff":78,"irons_spellbooks:uncommon_ink":1,"farmersdelight:cabbage_seeds":5,"minecraft:light_gray_wool":1,"minecraft:acacia_leaves":10,"regions_unexplored:small_oak_sapling":2,"regions_unexplored:redwood_door":2,"regions_unexplored:willow_log":6,"minecraft:potato":68,"minecraft:shears":2,"minecraft:shield":1,"minecraft:diamond_chestplate":1,"minecraft:oak_sapling":1,"minecraft:spider_eye":2,"minecraft:wooden_pickaxe":2,"minecraft:stone_pickaxe":2},"minecraft:killed_by":{"minecraft:zombie":3},"minecraft:crafted":{"minecraft:smooth_stone":3,"minecraft:oak_planks":84,"minecraft:barrel":5,"labels:label":2,"irons_spellbooks:iron_spell_book":1,"regions_unexplored:maple_planks":35,"minecraft:cooked_chicken":1,"minecraft:chain":3,"minecraft:stone":3,"toughasnails:leaf_leggings":2,"minecraft:poisonous_potato":1,"minecraft:glass":10,"minecraft:iron_boots":1,"irons_spellbooks:pumpkin_boots":1,"aether:diamond_gloves":1,"regions_unexplored:willow_planks":5,"toughasnails:leaf_helmet":1,"woodworks:acacia_bookshelf":4,"minecraft:cooked_rabbit":1,"minecraft:smoker":1,"everycomp:abnww/regions_unexplored/redwood_chest":2,"farmersdelight:tomato_seeds":12,"toughasnails:leaf_boots":1,"minecraft:wooden_shovel":1,"minecraft:emerald":75,"minecraft:cooked_porkchop":1,"toughasnails:rain_collector":1,"minecraft:map":8,"minecraft:crafting_table":12,"minecraft:spruce_planks":17,"minecraft:wooden_pickaxe":1,"minecraft:baked_potato":1,"minecraft:iron_helmet":1,"minecraft:fletching_table":1,"minecraft:hay_block":17,"minecraft:campfire":1,"everycomp:abnww/regions_unexplored/redwood_bookshelf":1,"minecraft:cartography_table":1,"farmersdelight:fried_egg":1,"minecraft:lectern":1,"irons_spellbooks:pumpkin_helmet":1,"irons_spellbooks:pumpkin_chestplate":1,"minecraft:iron_chestplate":1,"minecraft:wooden_hoe":1,"minecraft:paper":68,"minecraft:diamond_pickaxe":1,"minecraft:charcoal":2,"toughasnails:water_purifier":1,"minecraft:shield":1,"the_bumblezone:sticky_honey_residue":1,"minecraft:stick":539,"minecraft:iron_pickaxe":4,"minecraft:iron_ingot":47,"minecraft:compass":6,"minecraft:stone_sword":1,"minecraft:redstone_torch":1,"regions_unexplored:maple_slab":12,"irons_spellbooks:magic_cloth":11,"minecraft:shears":2,"toughasnails:empty_canteen":1,"minecraft:wooden_sword":1,"minecraft:smooth_stone_slab":1,"minecraft:iron_nugget":9,"regions_unexplored:redwood_slab":17,"minecraft:furnace":1,"minecraft:piston":1,"minecraft:bone_meal":13,"regions_unexplored:magnolia_slab":12,"irons_spellbooks:graybeard_staff":1,"minecraft:raw_copper_block":20,"alexscaves:cave_map":1,"map_atlases:atlas":11,"regions_unexplored:mauve_planks":5,"minecraft:iron_axe":4,"minecraft:oak_sapling":7,"minecraft:ladder":7,"irons_spellbooks:epic_ink":3,"minecraft:iron_hoe":1,"minecraft:stone_pickaxe":2,"minecraft:filled_map":1,"minecraft:spruce_sapling":1,"minecraft:dark_oak_planks":1,"regions_unexplored:magnolia_planks":15,"minecraft:wheat":79,"minecraft:cooked_beef":4,"toughasnails:leaf_chestplate":1,"minecraft:iron_sword":1,"minecraft:leather_helmet":1,"minecraft:bucket":1,"minecraft:stone_axe":1,"minecraft:enchanted_book":2,"minecraft:bread":75,"minecraft:air":4837,"minecraft:oak_boat":1,"regions_unexplored:redwood_planks":382,"regions_unexplored:pine_planks":14,"minecraft:wooden_axe":1,"irons_spellbooks:pumpkin_leggings":1,"minecraft:iron_leggings":1,"minecraft:armor_stand":1,"minecraft:white_bed":2,"regions_unexplored:redwood_boat":1,"minecraft:acacia_planks":7,"minecraft:torch":31,"regions_unexplored:redwood_trapdoor":5,"minecraft:diamond_chestplate":1},"minecraft:custom":{"minecraft:animals_bred":2,"minecraft:interact_with_crafting_table":140,"minecraft:open_barrel":384,"minecraft:eat_cake_slice":3,"minecraft:leave_game":12,"minecraft:time_since_death":3132,"minecraft:sprint_one_cm":1259899,"minecraft:drop":224,"minecraft:talked_to_villager":114,"minecraft:play_time":669156,"minecraft:deaths":10,"minecraft:jump":8488,"minecraft:interact_with_brewingstand":1,"minecraft:walk_on_water_one_cm":87170,"minecraft:interact_with_furnace":85,"minecraft:traded_with_villager":75,"minecraft:interact_with_cartography_table":9,"minecraft:interact_with_loom":16,"minecraft:sleep_in_bed":40,"minecraft:damage_dealt":13193,"minecraft:crouch_one_cm":113114,"minecraft:interact_with_smoker":14,"minecraft:use_cauldron":10,"minecraft:horse_one_cm":31870,"minecraft:interact_with_anvil":5,"minecraft:mob_kills":142,"minecraft:climb_one_cm":119823,"minecraft:walk_one_cm":1502036,"minecraft:sneak_time":35000,"minecraft:walk_under_water_one_cm":56960,"minecraft:interact_with_lectern":3,"minecraft:total_world_time":669156,"minecraft:interact_with_grindstone":1,"minecraft:time_since_rest":3157,"minecraft:damage_taken":8310,"minecraft:swim_one_cm":80610,"minecraft:fly_one_cm":1553803,"minecraft:open_chest":478,"minecraft:fall_one_cm":246293},"minecraft:broken":{"minecraft:stone_pickaxe":1,"toughasnails:water_canteen":17,"minecraft:iron_axe":1,"minecraft:iron_pickaxe":2,"aether:leather_gloves":1}},"DataVersion":3465}